{
  "kind": "singleType",
  "collectionName": "globals",
  "info": {
    "name": "Global"
  },
  "options": {
    "increments": true,
    "timestamps": true
  },
  "attributes": {
    "favicon": {
      "model": "file",
      "via": "related",
      "allowedTypes": [
        "images",
        "files",
        "videos"
      ],
      "plugin": "upload",
      "required": false
    },
    "siteName": {
      "type": "string",
      "required": true
    },
    "defaultSeo": {
      "type": "component",
      "repeatable": false,
      "component": "shared.seo",
      "required": true
    }
  }
}
