{
  "categories": [
    {
      "name": "news",
      "slug": "news"
    },
    {
      "name": "tech",
      "slug": "tech"
    },
    {
      "name": "food",
      "slug": "food"
    },
    {
      "name": "nature",
      "slug": "nature"
    },
    {
      "name": "story",
      "slug": "story"
    }
  ],
  "homepage": {
    "seo": {
      "metaTitle": "My personal Strapi blog",
      "metaDescription": "Discover my SEO friendly blog built with Strapi.",
      "shareImage": null
    },
    "hero": {
      "title": "My blog"
    }
  },
  "writers": [
    {
      "name": "David Doe",
      "email": "daviddoe@strapi.io",
      "picture": null
    },
    {
      "name": "Sarah Baker",
      "email": "sarahbaker@strapi.io",
      "picture": null
    }
  ],
  "articles": [
    {
      "title": "The internet's Own boy",
      "content": "# The Story of Aaron Swartz\n\nAaron Hillel Swartz (November 8, 1986 – January 11, 2013) was an American computer programmer, entrepreneur, writer, political organizer, and Internet hacktivist. He was involved in the development of the web feed format RSS, the Markdown publishing format, the organization Creative Commons, and the website framework web.py, and was a co-founder of the social news site [Reddit](https://reddit.com). He was given the title of co-founder of Reddit by Y Combinator owner [Paul Graham](https://en.wikipedia.org/wiki/Paul_Graham_(programmer)) after the formation of Not a Bug, Inc. (a merger of Swartz's project Infogami and Redbrick Solutions, a company run by Alexis Ohanian and Steve Huffman).\n\nSwartz's work also focused on civic awareness and activism. He helped launch the Progressive Change Campaign Committee in 2009 to learn more about effective online activism. In 2010, he became a research fellow at Harvard University's Safra Research Lab on Institutional Corruption, directed by Lawrence Lessig. He founded the online group Demand Progress, known for its campaign against the Stop Online Piracy Act.\n\n\n<iframe width=\"560\" height=\"315\" src=\"https://www.youtube.com/embed/PFQGjEJ9PEc\" frameborder=\"0\" allow=\"accelerometer; autoplay; encrypted-media; gyroscope; picture-in-picture\" allowfullscreen></iframe>\n\n\nIn 2011, Swartz was arrested by Massachusetts Institute of Technology (MIT) police on state breaking-and-entering charges, after connecting a computer to the MIT network in an unmarked and unlocked closet, and setting it to download academic journal articles systematically from JSTOR using a guest user account issued to him by MIT. Federal prosecutors later charged him with two counts of wire fraud and eleven violations of the Computer Fraud and Abuse Act,[14] carrying a cumulative maximum penalty of $1 million in fines, 35 years in prison, asset forfeiture, restitution, and supervised release.\n\nSwartz declined a plea bargain under which he would have served six months in federal prison. Two days after the prosecution rejected a counter-offer by Swartz, he was found dead in his Brooklyn apartment, where he had hanged himself.\n\nIn 2013, Swartz was inducted posthumously into the [Internet Hall of Fame](https://www.internethalloffame.org//).",
      "slug": "the-internet-s-own-boy",
      "category": {
        "id": 5
      },
      "author": {
        "id": 1
      },
      "description": "Follow the story of Aaron Swartz, the boy who could change the world",
      "image": null
    },
    {
      "title": "What's inside a Black Hole",
      "content": "Well, we don't know yet...",
      "slug": "what-s-inside-a-black-hole",
      "category": {
        "id": 1
      },
      "author": {
        "id": 2
      },
      "description": "Maybe the answer is in this article, or not...",
      "image": null
    },
    {
      "title": "This shrimp is awesome",
      "content": "# Badass\n\nMantis shrimps, or stomatopods, are marine crustaceans of the order Stomatopoda. Some species have specialised calcified \"*clubs*\" that can strike with **great power**, while others have sharp forelimbs used to capture prey. They branched from other members of the class Malacostraca around 340 million years ago. Mantis shrimps typically grow to around 10 cm (3.9 in) in length. A few can reach up to 38 cm (15 in). The largest mantis shrimp ever caught had a length of 46 cm (18 in); it was caught in the Indian River near Fort Pierce, Florida, in the United States. A mantis shrimp's carapace (the bony, thick shell that covers crustaceans and some other species) covers only the rear part of the head and the first four segments of the thorax. Varieties range in color from shades of brown to vivid colors, with more than 450 species of mantis shrimps being known. They are among the most important predators in many shallow, tropical and subtropical marine habitats. However, despite being common, they are poorly understood, as many species spend most of their lives tucked away in burrows and holes.\n\nCalled \"sea locusts\" by ancient Assyrians, \"prawn killers\" in Australia, and now sometimes referred to as \"thumb splitters\"—because of the animal's ability to inflict painful gashes if handled incautiously—mantis shrimps have powerful claws that are used to attack and kill prey by spearing, stunning, or dismembering.\n\n<iframe width=\"560\" height=\"315\" src=\"https://www.youtube.com/embed/CW8NUCPLE1c\" frameborder=\"0\" allow=\"accelerometer; autoplay; encrypted-media; gyroscope; picture-in-picture\" allowfullscreen></iframe>\n\nMantis shrimps have, like mantis, ravishing legs. But theirs are so resilient that they inspire the military to make the armor of the future. Above all, their speed and striking power are the responsibility of the superpowers. As the comic book The Oatmeal recounts, the squid's ravishing legs move at the speed of a bullet fired by a 22 caliber and can strike a prey in 1/3000 of a second, with a force of 1,500 Newtons. One tenth of that speed, deployed by a human arm, \"would be enough to send a baseball into orbit.\"\n\nA speed such as it boils water around ravishing legs and creates a shock wave capable of killing a prey missed by the strike.\n\nKept in an aquarium, crustaceans make carnage by dismembering and devouring crabs, shrimps, octopuses, snails and shells (whose shells they break). They would even be able to break the windows of overly fragile aquariums.",
      "slug": "this-shrimp-is-awesome",
      "category": {
        "id": 4
      },
      "author": {
        "id": 1
      },
      "description": "Mantis shrimps, or stomatopods, are marine crustaceans of the order Stomatopoda. Some species have specialised calcified \"clubs\" that can strike with great power, while others have sharp forelimbs used to capture prey.",
      "image": null
    },
    {
      "title": "A bug is becoming a meme on the internet",
      "content": "It's the story of a user named **Omer Barnir** who reported a bug in 2005 on the MySQL [bug report platform](https://bugs.mysql.com/)\n\nBut the thing is that Omer never get an answer. 15 years later, the bug has never been fix and people are starting to make fun out of it. We let you take a look at the conversation [here](https://bugs.mysql.com/bug.php?id=11472), it's pretty funny",
      "slug": "a-bug-is-becoming-a-meme-on-the-internet",
      "category": {
        "id": 2
      },
      "author": {
        "id": 2
      },
      "description": "How a bug on MySQL is becoming a meme on the internet",
      "image": null
    },
    {
      "title": "Beautiful picture",
      "content": "This is an empty blog post with a beautiful picture",
      "slug": "beautiful-picture",
      "category": {
        "id": 4
      },
      "author": {
        "id": 2
      },
      "description": "Description of a beautiful picture",
      "image": null
    },
    {
      "title": "We love Pizza",
      "content": "We love pizza at Strapi, what about you?",
      "slug": "we-love-pizza",
      "category": {
        "id": 3
      },
      "author": {
        "id": 1
      },
      "description": "Pizza is so delicious, specially four cheese pizza",
      "image": null
    }
  ],
  "global": {
    "siteName": "Strapi Blog",
    "defaultSeo": {
      "metaTitle": "Page",
      "metaDescription": "A blog made with Strapi",
      "shareImage": null
    },
    "favicon": null
  }
}